"Estacion","Fecha inicial","Fecha final","PM2.5"
"FACATATIVA - URBANO","2025-11-09","","11.74347826"
"FACATATIVA - URBANO","2025-11-08","","17.64"
"FACATATIVA - URBANO","2025-11-07","","18.46333333"
"FACATATIVA - URBANO","2025-11-06","","15.695"
"FACATATIVA - URBANO","2025-11-05","","18.72083333"
"FACATATIVA - URBANO","2025-11-04","","16.35"
"FACATATIVA - URBANO","2025-11-03","","9.15958333"
"FACATATIVA - URBANO","2025-11-02","","12.34583333"
"FACATATIVA - URBANO","2025-11-01","","14.93041667"
"FACATATIVA - URBANO","2025-10-31","","15.52083333"
"FACATATIVA - URBANO","2025-10-30","","18.70541667"
"FACATATIVA - URBANO","2025-10-29","","14.50458333"
"FACATATIVA - URBANO","2025-10-28","","13.67958333"
"FACATATIVA - URBANO","2025-10-27","","15.29"
"FACATATIVA - URBANO","2025-10-26","","7.88695652"
"FACATATIVA - URBANO","2025-10-25","","10.89625"
"FACATATIVA - URBANO","2025-10-24","","9.13291667"
"FACATATIVA - URBANO","2025-10-23","","13.26958333"
"FACATATIVA - URBANO","2025-10-22","","13.42375"
"FACATATIVA - URBANO","2025-10-21","","17.5225"
"FACATATIVA - URBANO","2025-10-20","","14.39083333"
"FACATATIVA - URBANO","2025-10-19","","10.53416667"
"FACATATIVA - URBANO","2025-10-18","","9.44125"
"FACATATIVA - URBANO","2025-10-17","","16.48916667"
"FACATATIVA - URBANO","2025-10-16","","12.29291667"
"FACATATIVA - URBANO","2025-10-15","","16.5075"
"FACATATIVA - URBANO","2025-10-14","","12.69041667"
"FACATATIVA - URBANO","2025-10-13","","6.16833333"
"FACATATIVA - URBANO","2025-10-12","","4.52833333"
"FACATATIVA - URBANO","2025-10-11","","10.55833333"
"FACATATIVA - URBANO","2025-10-10","","11.27583333"
"FACATATIVA - URBANO","2025-10-09","","17.3225"
"FACATATIVA - URBANO","2025-10-08","","18.305"
"FACATATIVA - URBANO","2025-10-07","","13.05583333"
"FACATATIVA - URBANO","2025-10-06","","15.25416667"
"FACATATIVA - URBANO","2025-10-05","","7.71173913"
"FACATATIVA - URBANO","2025-10-04","","15.69958333"
"FACATATIVA - URBANO","2025-10-03","","9.70333333"
"FACATATIVA - URBANO","2025-10-02","","12.05"
"FACATATIVA - URBANO","2025-10-01","","7.80083333"
"FACATATIVA - URBANO","2025-09-30","","4.71875"
"FACATATIVA - URBANO","2025-09-29","","12.58833333"
"FACATATIVA - URBANO","2025-09-28","","11.48916667"
"FACATATIVA - URBANO","2025-09-27","","12.6125"
"FACATATIVA - URBANO","2025-09-26","","13.44916667"
"FACATATIVA - URBANO","2025-09-25","","9.8125"
"FACATATIVA - URBANO","2025-09-24","","9.16291667"
"FACATATIVA - URBANO","2025-09-23","","11.15583333"
"FACATATIVA - URBANO","2025-09-22","","14.04333333"
"FACATATIVA - URBANO","2025-09-21","","8.64625"
"FACATATIVA - URBANO","2025-09-20","","8.03875"
"FACATATIVA - URBANO","2025-09-19","","10.86333333"
"FACATATIVA - URBANO","2025-09-18","","9.70916667"
"FACATATIVA - URBANO","2025-09-17","","17.485"
"FACATATIVA - URBANO","2025-09-16","","11.80958333"
"FACATATIVA - URBANO","2025-09-15","","7.46583333"
"FACATATIVA - URBANO","2025-09-14","","11.795"
"FACATATIVA - URBANO","2025-09-13","","13.01583333"
"FACATATIVA - URBANO","2025-09-12","","14.20916667"
"FACATATIVA - URBANO","2025-09-11","","12.085"
"FACATATIVA - URBANO","2025-09-10","","13.13041667"
"FACATATIVA - URBANO","2025-09-09","","10.16125"
"FACATATIVA - URBANO","2025-09-08","","8.59583333"
"FACATATIVA - URBANO","2025-09-07","","7.65208333"
"FACATATIVA - URBANO","2025-09-06","","11.06833333"
"FACATATIVA - URBANO","2025-09-05","","12.79458333"
"FACATATIVA - URBANO","2025-09-04","","9.53541667"
"FACATATIVA - URBANO","2025-09-03","","14.90375"
"FACATATIVA - URBANO","2025-09-02","","9.28875"
"FACATATIVA - URBANO","2025-09-01","","8.40833333"
"FACATATIVA - URBANO","2025-08-31","","6.12583333"
"FACATATIVA - URBANO","2025-08-30","","11.91125"
"FACATATIVA - URBANO","2025-08-29","","15.67916667"
"FACATATIVA - URBANO","2025-08-28","","8.55625"
"FACATATIVA - URBANO","2025-08-27","","7.18416667"
"FACATATIVA - URBANO","2025-08-26","","11.07909091"
"FACATATIVA - URBANO","2025-08-25","","7.24"
"FACATATIVA - URBANO","2025-08-24","","6.53375"
"FACATATIVA - URBANO","2025-08-23","","11.93833333"
"FACATATIVA - URBANO","2025-08-22","","11.94541667"
"FACATATIVA - URBANO","2025-08-21","","11.32291667"
"FACATATIVA - URBANO","2025-08-20","","14.7125"
"FACATATIVA - URBANO","2025-08-19","","12.71791667"
"FACATATIVA - URBANO","2025-08-18","","6.56791667"
"FACATATIVA - URBANO","2025-08-17","","5.11916667"
"FACATATIVA - URBANO","2025-08-16","","7.75208333"
"FACATATIVA - URBANO","2025-08-15","","10.0375"
"FACATATIVA - URBANO","2025-08-14","","11.04708333"
"FACATATIVA - URBANO","2025-08-13","","13.46375"
"FACATATIVA - URBANO","2025-08-12","","9.00125"
"FACATATIVA - URBANO","2025-08-11","","7.94458333"
"FACATATIVA - URBANO","2025-08-10","","5.54791667"
"FACATATIVA - URBANO","2025-08-09","","5.42583333"
"FACATATIVA - URBANO","2025-08-08","","8.99"
"FACATATIVA - URBANO","2025-08-07","","8.60125"
"FACATATIVA - URBANO","2025-08-06","","14.56708333"
"FACATATIVA - URBANO","2025-08-05","","11.33"
"FACATATIVA - URBANO","2025-08-04","","5.15708333"
"FACATATIVA - URBANO","2025-08-03","","2.855"
"FACATATIVA - URBANO","2025-08-02","","7.51125"
"FACATATIVA - URBANO","2025-08-01","","9.16375"
"FACATATIVA - URBANO","2025-07-31","","10.20541667"
"FACATATIVA - URBANO","2025-07-30","","6.4675"
"FACATATIVA - URBANO","2025-07-29","","8.55375"
"FACATATIVA - URBANO","2025-07-28","","6.52333333"
"FACATATIVA - URBANO","2025-07-27","","4.03041667"
"FACATATIVA - URBANO","2025-07-26","","9.16375"
"FACATATIVA - URBANO","2025-07-25","","8.43875"
"FACATATIVA - URBANO","2025-07-24","","8.39375"
"FACATATIVA - URBANO","2025-07-23","","8.82666667"
"FACATATIVA - URBANO","2025-07-22","","9.24791667"
"FACATATIVA - URBANO","2025-07-21","","5.83458333"
"FACATATIVA - URBANO","2025-07-20","","5.61708333"
"FACATATIVA - URBANO","2025-07-19","","7.12666667"
"FACATATIVA - URBANO","2025-07-18","","7.79625"
"FACATATIVA - URBANO","2025-07-17","","8.295"
"FACATATIVA - URBANO","2025-07-16","","10.266"
"FACATATIVA - URBANO","2025-07-14","","7.13958333"
"FACATATIVA - URBANO","2025-07-13","","7.24833333"
"FACATATIVA - URBANO","2025-07-12","","7.21666667"
"FACATATIVA - URBANO","2025-07-11","","8.15625"
"FACATATIVA - URBANO","2025-07-10","","8.57791667"
"FACATATIVA - URBANO","2025-07-09","","8.84666667"
"FACATATIVA - URBANO","2025-07-08","","9.32"
"FACATATIVA - URBANO","2025-07-07","","7.16791667"
"FACATATIVA - URBANO","2025-07-06","","6.125"
"FACATATIVA - URBANO","2025-07-05","","6.75708333"
"FACATATIVA - URBANO","2025-07-04","","5.84958333"
"FACATATIVA - URBANO","2025-07-03","","6.04166667"
"FACATATIVA - URBANO","2025-07-02","","8.53958333"
"FACATATIVA - URBANO","2025-07-01","","6.41958333"
"FACATATIVA - URBANO","2025-06-30","","5.40541667"
"FACATATIVA - URBANO","2025-06-29","","6.18833333"
"FACATATIVA - URBANO","2025-06-28","","6.54166667"
"FACATATIVA - URBANO","2025-06-27","","7.54791667"
"FACATATIVA - URBANO","2025-06-26","","11.40625"
"FACATATIVA - URBANO","2025-06-25","","7.82125"
"FACATATIVA - URBANO","2025-06-24","","5.95875"
"FACATATIVA - URBANO","2025-06-23","","5.7975"
"FACATATIVA - URBANO","2025-06-22","","5.38708333"
"FACATATIVA - URBANO","2025-06-21","","6.755"
"FACATATIVA - URBANO","2025-06-20","","7.29458333"
"FACATATIVA - URBANO","2025-06-19","","9.35625"
"FACATATIVA - URBANO","2025-06-18","","7.50583333"
"FACATATIVA - URBANO","2025-06-17","","10.38791667"
"FACATATIVA - URBANO","2025-06-16","","9.33166667"
"FACATATIVA - URBANO","2025-06-15","","10.66666667"
"FACATATIVA - URBANO","2025-06-14","","6.29833333"
"FACATATIVA - URBANO","2025-06-13","","11.315"
"FACATATIVA - URBANO","2025-06-12","","11.5825"
"FACATATIVA - URBANO","2025-06-11","","9.48166667"
"FACATATIVA - URBANO","2025-06-10","","8.62111111"
"FACATATIVA - URBANO","2025-06-09","","7.07458333"
"FACATATIVA - URBANO","2025-06-08","","4.13791667"
"FACATATIVA - URBANO","2025-06-07","","6.50625"
"FACATATIVA - URBANO","2025-06-06","","8.985"
"FACATATIVA - URBANO","2025-06-05","","9.93333333"
"FACATATIVA - URBANO","2025-06-04","","10.44541667"
"FACATATIVA - URBANO","2025-06-03","","6.89625"
"FACATATIVA - URBANO","2025-06-02","","3.81916667"
"FACATATIVA - URBANO","2025-06-01","","6.90166667"
"FACATATIVA - URBANO","2025-05-31","","8.33583333"
"FACATATIVA - URBANO","2025-05-30","","11.84166667"
"FACATATIVA - URBANO","2025-05-29","","11.23125"
"FACATATIVA - URBANO","2025-05-28","","6.73708333"
"FACATATIVA - URBANO","2025-05-27","","10.37125"
"FACATATIVA - URBANO","2025-05-26","","8.45583333"
"FACATATIVA - URBANO","2025-05-25","","5.09708333"
"FACATATIVA - URBANO","2025-05-24","","4.5275"
"FACATATIVA - URBANO","2025-05-23","","8.3"
"FACATATIVA - URBANO","2025-05-22","","7.81333333"
"FACATATIVA - URBANO","2025-05-21","","10.81541667"
"FACATATIVA - URBANO","2025-05-20","","6.12458333"
"FACATATIVA - URBANO","2025-05-19","","8.72625"
"FACATATIVA - URBANO","2025-05-18","","8.87666667"
"FACATATIVA - URBANO","2025-05-17","","6.4175"
"FACATATIVA - URBANO","2025-05-16","","11.63916667"
"FACATATIVA - URBANO","2025-05-15","","7.69"
"FACATATIVA - URBANO","2025-05-14","","8.77875"
"FACATATIVA - URBANO","2025-05-13","","8.67375"
"FACATATIVA - URBANO","2025-05-12","","7.96333333"
"FACATATIVA - URBANO","2025-05-11","","5.06416667"
"FACATATIVA - URBANO","2025-05-10","","6.44916667"
"FACATATIVA - URBANO","2025-05-09","","10.63"
"FACATATIVA - URBANO","2025-05-08","","11.74291667"
"FACATATIVA - URBANO","2025-05-07","","8.26708333"
"FACATATIVA - URBANO","2025-05-06","","10.07083333"
"FACATATIVA - URBANO","2025-05-05","","6.93666667"
"FACATATIVA - URBANO","2025-05-04","","10.87166667"
"FACATATIVA - URBANO","2025-05-03","","7.85"
"FACATATIVA - URBANO","2025-05-02","","12.32375"
"FACATATIVA - URBANO","2025-05-01","","9.03666667"
"FACATATIVA - URBANO","2025-04-30","","8.21958333"
"FACATATIVA - URBANO","2025-04-29","","11.1255"
"FACATATIVA - URBANO","2025-04-28","","7.85291667"
"FACATATIVA - URBANO","2025-04-27","","6.15375"
"FACATATIVA - URBANO","2025-04-26","","12.15125"
"FACATATIVA - URBANO","2025-04-25","","17.72583333"
"FACATATIVA - URBANO","2025-04-24","","10.72291667"
"FACATATIVA - URBANO","2025-04-23","","13.902"
"FACATATIVA - URBANO","2025-04-22","","13.35208333"
"FACATATIVA - URBANO","2025-04-21","","6.52291667"
"FACATATIVA - URBANO","2025-04-20","","5.06166667"
"FACATATIVA - URBANO","2025-04-19","","9.46434783"
"FACATATIVA - URBANO","2025-04-18","","9.86333333"
"FACATATIVA - URBANO","2025-04-17","","17.433125"
"FACATATIVA - URBANO","2025-04-16","","26.595625"
"FACATATIVA - URBANO","2025-04-15","","20.525"
"FACATATIVA - URBANO","2025-04-14","","14.79208333"
"FACATATIVA - URBANO","2025-04-13","","10.63083333"
"FACATATIVA - URBANO","2025-04-12","","12.63458333"
"FACATATIVA - URBANO","2025-04-11","","8.72708333"
"FACATATIVA - URBANO","2025-04-10","","6.81416667"
"FACATATIVA - URBANO","2025-04-09","","11.54666667"
"FACATATIVA - URBANO","2025-04-08","","8.37541667"
"FACATATIVA - URBANO","2025-04-07","","9.65125"
"FACATATIVA - URBANO","2025-04-06","","6.02833333"
"FACATATIVA - URBANO","2025-04-05","","8.50791667"
"FACATATIVA - URBANO","2025-04-04","","10.775"
"FACATATIVA - URBANO","2025-04-03","","14.34208333"
"FACATATIVA - URBANO","2025-04-02","","17.59833333"
"FACATATIVA - URBANO","2025-04-01","","15.50916667"
"FACATATIVA - URBANO","2025-03-31","","10.74"
"FACATATIVA - URBANO","2025-03-30","","12.53375"
"FACATATIVA - URBANO","2025-03-29","","18.5575"
"FACATATIVA - URBANO","2025-03-28","","21.05291667"
"FACATATIVA - URBANO","2025-03-27","","18.83083333"
"FACATATIVA - URBANO","2025-03-26","","21.07791667"
"FACATATIVA - URBANO","2025-03-25","","20.65083333"
"FACATATIVA - URBANO","2025-03-24","","16.06875"
"FACATATIVA - URBANO","2025-03-23","","16.48541667"
"FACATATIVA - URBANO","2025-03-22","","14.15541667"
"FACATATIVA - URBANO","2025-03-21","","10.14416667"
"FACATATIVA - URBANO","2025-03-20","","8.65541667"
"FACATATIVA - URBANO","2025-03-19","","15.14833333"
"FACATATIVA - URBANO","2025-03-18","","6.93"
"FACATATIVA - URBANO","2025-03-17","","9.75958333"
"FACATATIVA - URBANO","2025-03-16","","10.58541667"
"FACATATIVA - URBANO","2025-03-15","","16.7225"
"FACATATIVA - URBANO","2025-03-14","","11.90208333"
"FACATATIVA - URBANO","2025-03-13","","18.66125"
"FACATATIVA - URBANO","2025-03-12","","7.38625"
"FACATATIVA - URBANO","2025-03-11","","21.34041667"
"FACATATIVA - URBANO","2025-03-10","","19.81842105"
"FACATATIVA - URBANO","2025-03-09","","14.75"
"FACATATIVA - URBANO","2025-03-08","","14.61"
"FACATATIVA - URBANO","2025-03-07","","13.19416667"
"FACATATIVA - URBANO","2025-03-06","","10.4875"
"FACATATIVA - URBANO","2025-03-05","","12.56708333"
"FACATATIVA - URBANO","2025-03-04","","17.81041667"
"FACATATIVA - URBANO","2025-03-03","","16.41666667"
"FACATATIVA - URBANO","2025-03-02","","12.48227273"
"FACATATIVA - URBANO","2025-03-01","","14.49333333"
"FACATATIVA - URBANO","2025-02-28","","10.92791667"
"FACATATIVA - URBANO","2025-02-27","","15.00578947"
"FACATATIVA - URBANO","2025-02-26","","15.71631579"
"FACATATIVA - URBANO","2025-02-25","","15.99333333"
"FACATATIVA - URBANO","2025-02-24","","9.48583333"
"FACATATIVA - URBANO","2025-02-23","","11.54166667"
"FACATATIVA - URBANO","2025-02-22","","13.17875"
"FACATATIVA - URBANO","2025-02-21","","16.00708333"
"FACATATIVA - URBANO","2025-02-20","","20.72833333"
"FACATATIVA - URBANO","2025-02-19","","21.055"
"FACATATIVA - URBANO","2025-02-18","","16.47791667"
"FACATATIVA - URBANO","2025-02-17","","7.75291667"
"FACATATIVA - URBANO","2025-02-16","","9.00958333"
"FACATATIVA - URBANO","2025-02-15","","11.5675"
"FACATATIVA - URBANO","2025-02-14","","14.48041667"
"FACATATIVA - URBANO","2025-02-13","","8.69958333"
"FACATATIVA - URBANO","2025-02-12","","11.57"
"FACATATIVA - URBANO","2025-02-11","","12.1925"
"FACATATIVA - URBANO","2025-02-10","","13.61208333"
"FACATATIVA - URBANO","2025-02-09","","12.30294118"
"FACATATIVA - URBANO","2025-02-08","","15.67375"
"FACATATIVA - URBANO","2025-02-07","","18.12916667"
"FACATATIVA - URBANO","2025-02-06","","15.70458333"
"FACATATIVA - URBANO","2025-02-05","","17.98208333"
"FACATATIVA - URBANO","2025-02-04","","17.35708333"
"FACATATIVA - URBANO","2025-02-03","","16.10333333"
"FACATATIVA - URBANO","2025-02-02","","18.47083333"
"FACATATIVA - URBANO","2025-02-01","","14.18958333"
"FACATATIVA - URBANO","2025-01-31","","11.55"
"FACATATIVA - URBANO","2025-01-30","","12.35043478"
"FACATATIVA - URBANO","2025-01-29","","17.60869565"
"FACATATIVA - URBANO","2025-01-28","","13.40083333"
"FACATATIVA - URBANO","2025-01-27","","13.76375"
"FACATATIVA - URBANO","2025-01-26","","6.95625"
"FACATATIVA - URBANO","2025-01-25","","12.67375"
"FACATATIVA - URBANO","2025-01-24","","20.71916667"
"FACATATIVA - URBANO","2025-01-23","","18.78458333"
"FACATATIVA - URBANO","2025-01-22","","16.34041667"
"FACATATIVA - URBANO","2025-01-21","","19.585625"
"FACATATIVA - URBANO","2025-01-20","","20.63041667"
"FACATATIVA - URBANO","2025-01-19","","17.45458333"
"FACATATIVA - URBANO","2025-01-18","","18.55565217"
"FACATATIVA - URBANO","2025-01-17","","16.74545455"
"FACATATIVA - URBANO","2025-01-16","","14.50454545"
"FACATATIVA - URBANO","2025-01-15","","16.01541667"
"FACATATIVA - URBANO","2025-01-14","","17.3125"
"FACATATIVA - URBANO","2025-01-13","","15.93166667"
"FACATATIVA - URBANO","2025-01-12","","16.22583333"
"FACATATIVA - URBANO","2025-01-11","","20.65375"
"FACATATIVA - URBANO","2025-01-10","","15.18041667"
"FACATATIVA - URBANO","2025-01-09","","8.87166667"
"FACATATIVA - URBANO","2025-01-08","","10.69458333"
"FACATATIVA - URBANO","2025-01-07","","8.37333333"
"FACATATIVA - URBANO","2025-01-06","","7.81333333"
"FACATATIVA - URBANO","2025-01-05","","8.52708333"
"FACATATIVA - URBANO","2025-01-04","","9.045"
"FACATATIVA - URBANO","2025-01-03","","7.71708333"
"FACATATIVA - URBANO","2025-01-02","","13.52083333"
"FACATATIVA - URBANO","2025-01-01","","21.00095238"
"FACATATIVA - URBANO","2024-12-31","","17.73454545"
"FACATATIVA - URBANO","2024-12-30","","6.18083333"
"FACATATIVA - URBANO","2024-12-29","","6.77458333"
"FACATATIVA - URBANO","2024-12-28","","10.05375"
"FACATATIVA - URBANO","2024-12-27","","9.35541667"
"FACATATIVA - URBANO","2024-12-26","","12.67333333"
"FACATATIVA - URBANO","2024-12-25","","12.9825"
"FACATATIVA - URBANO","2024-12-24","","14.06083333"
"FACATATIVA - URBANO","2024-12-23","","10.04416667"
"FACATATIVA - URBANO","2024-12-22","","12.66958333"
"FACATATIVA - URBANO","2024-12-21","","19.35791667"
"FACATATIVA - URBANO","2024-12-20","","19.59291667"
"FACATATIVA - URBANO","2024-12-19","","11.79166667"
"FACATATIVA - URBANO","2024-12-18","","10.79166667"
"FACATATIVA - URBANO","2024-12-17","","15.43333333"
"FACATATIVA - URBANO","2024-12-16","","21.89791667"
"FACATATIVA - URBANO","2024-12-15","","21.18666667"
"FACATATIVA - URBANO","2024-12-14","","18.54416667"
"FACATATIVA - URBANO","2024-12-13","","20.63291667"
"FACATATIVA - URBANO","2024-12-12","","20.5425"
"FACATATIVA - URBANO","2024-12-11","","18.72958333"
"FACATATIVA - URBANO","2024-12-10","","14.02791667"
"FACATATIVA - URBANO","2024-12-09","","14.4975"
"FACATATIVA - URBANO","2024-12-08","","16.00894737"
"FACATATIVA - URBANO","2024-12-07","","11.32708333"
"FACATATIVA - URBANO","2024-12-06","","11.11208333"
"FACATATIVA - URBANO","2024-12-05","","17.57708333"
"FACATATIVA - URBANO","2024-12-04","","18.71666667"
"FACATATIVA - URBANO","2024-12-03","","12.8175"
"FACATATIVA - URBANO","2024-12-02","","12.94458333"
"FACATATIVA - URBANO","2024-12-01","","11.27333333"
"FACATATIVA - URBANO","2024-11-30","","14.24208333"
"FACATATIVA - URBANO","2024-11-29","","11.85666667"
"FACATATIVA - URBANO","2024-11-28","","12.51708333"
"FACATATIVA - URBANO","2024-11-27","","17.83"
"FACATATIVA - URBANO","2024-11-26","","19.47583333"
"FACATATIVA - URBANO","2024-11-25","","15.22583333"
"FACATATIVA - URBANO","2024-11-24","","9.1675"
"FACATATIVA - URBANO","2024-11-23","","7.95375"
"FACATATIVA - URBANO","2024-11-22","","10.55666667"
"FACATATIVA - URBANO","2024-11-21","","10.85833333"
"FACATATIVA - URBANO","2024-11-20","","9.99"
"FACATATIVA - URBANO","2024-11-19","","8.46291667"
"FACATATIVA - URBANO","2024-11-18","","9.57173913"
"FACATATIVA - URBANO","2024-11-17","","7.86416667"
"FACATATIVA - URBANO","2024-11-16","","5.89291667"
"FACATATIVA - URBANO","2024-11-15","","7.64041667"
"FACATATIVA - URBANO","2024-11-14","","5.82541667"
"FACATATIVA - URBANO","2024-11-13","","3.62708333"
"FACATATIVA - URBANO","2024-11-12","","4.43083333"
"FACATATIVA - URBANO","2024-11-11","","7.175"
"FACATATIVA - URBANO","2024-11-10","","4.69791667"
"FACATATIVA - URBANO","2024-11-09","","6.29833333"
"FACATATIVA - URBANO","2024-11-08","","9.91333333"
"FACATATIVA - URBANO","2024-11-07","","10.24083333"
"FACATATIVA - URBANO","2024-11-06","","9.54583333"
"FACATATIVA - URBANO","2024-11-05","","13.33208333"
"FACATATIVA - URBANO","2024-11-04","","5.885"
"FACATATIVA - URBANO","2024-11-03","","8.77375"
"FACATATIVA - URBANO","2024-11-02","","5.84166667"
"FACATATIVA - URBANO","2024-11-01","","10.15"
"FACATATIVA - URBANO","2024-10-31","","12.57"
"FACATATIVA - URBANO","2024-10-30","","9.59333333"
"FACATATIVA - URBANO","2024-10-29","","13.66541667"
"FACATATIVA - URBANO","2024-10-28","","12.505"
"FACATATIVA - URBANO","2024-10-27","","5.87166667"
"FACATATIVA - URBANO","2024-10-26","","7.7475"
"FACATATIVA - URBANO","2024-10-25","","12.35708333"
"FACATATIVA - URBANO","2024-10-24","","10.93916667"
"FACATATIVA - URBANO","2024-10-23","","11.5225"
"FACATATIVA - URBANO","2024-10-22","","9.41833333"
"FACATATIVA - URBANO","2024-10-21","","7.94833333"
"FACATATIVA - URBANO","2024-10-20","","8.19458333"
"FACATATIVA - URBANO","2024-10-19","","15.825"
"FACATATIVA - URBANO","2024-10-18","","16.645"
"FACATATIVA - URBANO","2024-10-17","","15.11875"
"FACATATIVA - URBANO","2024-10-16","","12.65208333"
"FACATATIVA - URBANO","2024-10-15","","12.18958333"
"FACATATIVA - URBANO","2024-10-14","","10.76791667"
"FACATATIVA - URBANO","2024-10-13","","6.57375"
"FACATATIVA - URBANO","2024-10-12","","12.60958333"
"FACATATIVA - URBANO","2024-10-11","","12.73583333"
"FACATATIVA - URBANO","2024-10-10","","10.04416667"
"FACATATIVA - URBANO","2024-10-09","","9.96458333"
"FACATATIVA - URBANO","2024-10-08","","9.76"
"FACATATIVA - URBANO","2024-09-23","","7.50882353"
"FACATATIVA - URBANO","2024-09-22","","10.95708333"
"FACATATIVA - URBANO","2024-09-21","","17.07583333"
"FACATATIVA - URBANO","2024-09-20","","20.365"
"FACATATIVA - URBANO","2024-09-19","","18.68458333"
"FACATATIVA - URBANO","2024-09-18","","12.86541667"
"FACATATIVA - URBANO","2024-09-17","","10.585"
"FACATATIVA - URBANO","2024-09-16","","11.965"
"FACATATIVA - URBANO","2024-09-15","","10.21875"
"FACATATIVA - URBANO","2024-09-14","","13.36583333"
"FACATATIVA - URBANO","2024-09-13","","13.46666667"
"FACATATIVA - URBANO","2024-09-12","","19.48083333"
"FACATATIVA - URBANO","2024-09-11","","17.49041667"
"FACATATIVA - URBANO","2024-09-10","","12.88208333"
"FACATATIVA - URBANO","2024-09-09","","17.83125"
"FACATATIVA - URBANO","2024-09-08","","13.22791667"
"FACATATIVA - URBANO","2024-09-07","","20.125"
"FACATATIVA - URBANO","2024-09-06","","18.54791667"
"FACATATIVA - URBANO","2024-09-05","","13.61458333"
"FACATATIVA - URBANO","2024-09-04","","37.53666667"
"FACATATIVA - URBANO","2024-09-03","","27.15208333"
"FACATATIVA - URBANO","2024-09-02","","32.285"
"FACATATIVA - URBANO","2024-09-01","","31.26625"
"FACATATIVA - URBANO","2024-08-31","","31.34916667"
"FACATATIVA - URBANO","2024-08-30","","25.1675"
"FACATATIVA - URBANO","2024-08-29","","12.1"
"FACATATIVA - URBANO","2024-08-28","","15.72541667"
"FACATATIVA - URBANO","2024-08-27","","24.53125"
"FACATATIVA - URBANO","2024-08-26","","15.46208333"
"FACATATIVA - URBANO","2024-08-25","","8.09"
"FACATATIVA - URBANO","2024-08-24","","11.8625"
"FACATATIVA - URBANO","2024-08-23","","16.03583333"
"FACATATIVA - URBANO","2024-08-22","","16.56"
"FACATATIVA - URBANO","2024-08-21","","14.30291667"
"FACATATIVA - URBANO","2024-08-20","","12.15541667"
"FACATATIVA - URBANO","2024-08-19","","10.58875"
"FACATATIVA - URBANO","2024-08-18","","10.48916667"
"FACATATIVA - URBANO","2024-08-17","","15.22375"
"FACATATIVA - URBANO","2024-08-16","","12.1775"
"FACATATIVA - URBANO","2024-08-15","","13.66375"
"FACATATIVA - URBANO","2024-08-14","","17.14708333"
"FACATATIVA - URBANO","2024-08-13","","6.96416667"
"FACATATIVA - URBANO","2024-08-12","","12.60625"
"FACATATIVA - URBANO","2024-08-11","","7.34458333"
"FACATATIVA - URBANO","2024-08-10","","8.60083333"
"FACATATIVA - URBANO","2024-08-09","","17.06708333"
"FACATATIVA - URBANO","2024-08-08","","23.18083333"
"FACATATIVA - URBANO","2024-08-07","","20.21583333"
"FACATATIVA - URBANO","2024-08-06","","11.65791667"
"FACATATIVA - URBANO","2024-08-05","","14.24916667"
"FACATATIVA - URBANO","2024-08-04","","15.61541667"
"FACATATIVA - URBANO","2024-08-03","","13.7275"
"FACATATIVA - URBANO","2024-08-02","","11.76541667"
"FACATATIVA - URBANO","2024-08-01","","10.16458333"
"FACATATIVA - URBANO","2024-07-31","","8.0675"
"FACATATIVA - URBANO","2024-07-30","","9.02041667"
"FACATATIVA - URBANO","2024-07-29","","8.89416667"
"FACATATIVA - URBANO","2024-07-28","","5.11208333"
"FACATATIVA - URBANO","2024-07-27","","7.55291667"
"FACATATIVA - URBANO","2024-07-26","","11.09"
"FACATATIVA - URBANO","2024-07-25","","9.36791667"
"FACATATIVA - URBANO","2024-07-24","","13.48541667"
"FACATATIVA - URBANO","2024-07-23","","9.37041667"
"FACATATIVA - URBANO","2024-07-22","","5.77416667"
"FACATATIVA - URBANO","2024-07-21","","6.64625"
"FACATATIVA - URBANO","2024-07-20","","6.64333333"
"FACATATIVA - URBANO","2024-07-19","","6.82916667"
"FACATATIVA - URBANO","2024-07-18","","6.93125"
"FACATATIVA - URBANO","2024-07-17","","6.47541667"
"FACATATIVA - URBANO","2024-07-16","","5.145"
"FACATATIVA - URBANO","2024-07-15","","5.25291667"
"FACATATIVA - URBANO","2024-07-14","","5.0475"
"FACATATIVA - URBANO","2024-07-13","","4.68625"
"FACATATIVA - URBANO","2024-07-12","","11.21333333"
"FACATATIVA - URBANO","2024-07-11","","11.33875"
"FACATATIVA - URBANO","2024-07-10","","5.34166667"
"FACATATIVA - URBANO","2024-07-09","","3.82666667"
"FACATATIVA - URBANO","2024-07-08","","5.15"
"FACATATIVA - URBANO","2024-07-07","","4.01625"
"FACATATIVA - URBANO","2024-07-06","","8.9275"
"FACATATIVA - URBANO","2024-07-05","","4.16375"
"FACATATIVA - URBANO","2024-07-04","","8.46541667"
"FACATATIVA - URBANO","2024-07-03","","6.3225"
"FACATATIVA - URBANO","2024-07-02","","7.79333333"
"FACATATIVA - URBANO","2024-07-01","","6.2325"
"FACATATIVA - URBANO","2024-06-30","","6.4525"
"FACATATIVA - URBANO","2024-06-29","","9.19541667"
"FACATATIVA - URBANO","2024-06-28","","6.905"
"FACATATIVA - URBANO","2024-06-27","","8.1575"
"FACATATIVA - URBANO","2024-06-26","","6.43708333"
"FACATATIVA - URBANO","2024-06-25","","7.51916667"
"FACATATIVA - URBANO","2024-06-24","","6.24"
"FACATATIVA - URBANO","2024-06-23","","4.92833333"
"FACATATIVA - URBANO","2024-06-22","","10.4775"
"FACATATIVA - URBANO","2024-06-21","","8.89541667"
"FACATATIVA - URBANO","2024-06-20","","8.33"
"FACATATIVA - URBANO","2024-06-19","","6.39347826"
"FACATATIVA - URBANO","2024-06-18","","7.92375"
"FACATATIVA - URBANO","2024-06-17","","6.52791667"
"FACATATIVA - URBANO","2024-06-16","","3.23583333"
"FACATATIVA - URBANO","2024-06-15","","4.6125"
"FACATATIVA - URBANO","2024-06-14","","9.24375"
"FACATATIVA - URBANO","2024-06-13","","8.15625"
"FACATATIVA - URBANO","2024-06-12","","6.42875"
"FACATATIVA - URBANO","2024-06-11","","7.45041667"
"FACATATIVA - URBANO","2024-06-10","","6.81416667"
"FACATATIVA - URBANO","2024-06-09","","5.80333333"
"FACATATIVA - URBANO","2024-06-08","","6.21"
"FACATATIVA - URBANO","2024-06-07","","8.77416667"
"FACATATIVA - URBANO","2024-06-06","","6.47291667"
"FACATATIVA - URBANO","2024-06-05","","6.25541667"
"FACATATIVA - URBANO","2024-06-04","","5.17916667"
"FACATATIVA - URBANO","2024-06-03","","3.03416667"
"FACATATIVA - URBANO","2024-06-02","","4.27416667"
"FACATATIVA - URBANO","2024-06-01","","4.15833333"
"FACATATIVA - URBANO","2024-05-31","","4.385"
"FACATATIVA - URBANO","2024-05-30","","5.22291667"
"FACATATIVA - URBANO","2024-05-29","","4.95"
"FACATATIVA - URBANO","2024-05-28","","4.94083333"
"FACATATIVA - URBANO","2024-05-27","","6.62"
"FACATATIVA - URBANO","2024-05-26","","3.41708333"
"FACATATIVA - URBANO","2024-05-25","","10.8975"
"FACATATIVA - URBANO","2024-05-24","","8.72416667"
"FACATATIVA - URBANO","2024-05-23","","8.7325"
"FACATATIVA - URBANO","2024-05-22","","6.54"
"FACATATIVA - URBANO","2024-05-21","","5.75791667"
"FACATATIVA - URBANO","2024-05-20","","7.0175"
"FACATATIVA - URBANO","2024-05-19","","4.24541667"
"FACATATIVA - URBANO","2024-05-18","","7.94291667"
"FACATATIVA - URBANO","2024-05-17","","8.35434783"
"FACATATIVA - URBANO","2024-05-16","","8.80833333"
"FACATATIVA - URBANO","2024-05-15","","7.70458333"
"FACATATIVA - URBANO","2024-05-14","","6.75333333"
"FACATATIVA - URBANO","2024-05-13","","3.12958333"
"FACATATIVA - URBANO","2024-05-12","","5.66041667"
"FACATATIVA - URBANO","2024-05-11","","4.70541667"
"FACATATIVA - URBANO","2024-05-10","","3.7325"
"FACATATIVA - URBANO","2024-05-09","","6.24"
"FACATATIVA - URBANO","2024-05-08","","12.2325"
"FACATATIVA - URBANO","2024-05-07","","8.25458333"
"FACATATIVA - URBANO","2024-05-06","","5.97625"
"FACATATIVA - URBANO","2024-05-05","","4.48125"
"FACATATIVA - URBANO","2024-05-04","","10.35583333"
"FACATATIVA - URBANO","2024-05-03","","9.95458333"
"FACATATIVA - URBANO","2024-05-02","","10.1775"
"FACATATIVA - URBANO","2024-05-01","","6.43208333"
"FACATATIVA - URBANO","2024-04-30","","11.72166667"
"FACATATIVA - URBANO","2024-04-29","","11.0675"
"FACATATIVA - URBANO","2024-04-28","","6.32583333"
"FACATATIVA - URBANO","2024-04-27","","6.67666667"
"FACATATIVA - URBANO","2024-04-26","","9.25125"
"FACATATIVA - URBANO","2024-04-25","","12.635"
"FACATATIVA - URBANO","2024-04-24","","12.07208333"
"FACATATIVA - URBANO","2024-04-23","","11.88208333"
"FACATATIVA - URBANO","2024-04-22","","6.31166667"
"FACATATIVA - URBANO","2024-04-21","","5.78041667"
"FACATATIVA - URBANO","2024-04-20","","12.74041667"
"FACATATIVA - URBANO","2024-04-19","","10.32125"
"FACATATIVA - URBANO","2024-04-18","","26.30041667"
"FACATATIVA - URBANO","2024-04-17","","30.69708333"
"FACATATIVA - URBANO","2024-04-16","","22.34416667"
"FACATATIVA - URBANO","2024-04-09","","22.44"
"FACATATIVA - URBANO","2024-03-02","","26.97526316"
"FACATATIVA - URBANO","2024-03-01","","26.59666667"
"FACATATIVA - URBANO","2024-02-29","","29.61166667"
"FACATATIVA - URBANO","2024-02-28","","27.08166667"
"FACATATIVA - URBANO","2024-02-27","","24.35333333"
"FACATATIVA - URBANO","2024-02-26","","21.94083333"
"FACATATIVA - URBANO","2024-02-25","","17.03833333"
"FACATATIVA - URBANO","2024-02-24","","14.99041667"
"FACATATIVA - URBANO","2024-02-23","","12.56708333"
"FACATATIVA - URBANO","2024-02-22","","7.62"
"FACATATIVA - URBANO","2024-02-21","","16.67666667"
"FACATATIVA - URBANO","2024-02-20","","15.12708333"
"FACATATIVA - URBANO","2024-02-19","","15.65416667"
"FACATATIVA - URBANO","2024-02-18","","15.84416667"
"FACATATIVA - URBANO","2024-02-17","","9.62416667"
"FACATATIVA - URBANO","2024-02-16","","14.11625"
"FACATATIVA - URBANO","2024-02-15","","14.08291667"
"FACATATIVA - URBANO","2024-02-14","","16.24958333"
"FACATATIVA - URBANO","2024-02-13","","22.38208333"
"FACATATIVA - URBANO","2024-02-12","","17.54363636"
"FACATATIVA - URBANO","2024-01-25","","33.944"
"FACATATIVA - URBANO","2024-01-24","","30.81625"
"FACATATIVA - URBANO","2024-01-23","","18.91708333"
"FACATATIVA - URBANO","2024-01-22","","16.24791667"
"FACATATIVA - URBANO","2024-01-21","","10.33458333"
"FACATATIVA - URBANO","2024-01-20","","16.3"
"FACATATIVA - URBANO","2024-01-19","","18.49458333"
"FACATATIVA - URBANO","2024-01-18","","16.56125"
"FACATATIVA - URBANO","2024-01-17","","17.14333333"
"FACATATIVA - URBANO","2024-01-16","","17.35958333"
"FACATATIVA - URBANO","2024-01-15","","16.13833333"
"FACATATIVA - URBANO","2024-01-14","","19.01916667"
"FACATATIVA - URBANO","2024-01-13","","15.80916667"
"FACATATIVA - URBANO","2024-01-12","","18.71791667"
"FACATATIVA - URBANO","2024-01-11","","18.73875"
"FACATATIVA - URBANO","2024-01-10","","21.22541667"
"FACATATIVA - URBANO","2024-01-09","","20.90458333"
"FACATATIVA - URBANO","2024-01-08","","14.99416667"
"FACATATIVA - URBANO","2024-01-07","","13.35791667"
"FACATATIVA - URBANO","2024-01-06","","18.13791667"
"FACATATIVA - URBANO","2024-01-05","","15.12875"
"FACATATIVA - URBANO","2024-01-04","","13.19791667"
"FACATATIVA - URBANO","2024-01-03","","12.75875"
"FACATATIVA - URBANO","2024-01-02","","13.63875"
"FACATATIVA - URBANO","2024-01-01","","16.02541667"
"FACATATIVA - URBANO","2023-12-31","","6.69043478"
"FACATATIVA - URBANO","2023-12-30","","10.16458333"
"FACATATIVA - URBANO","2023-12-29","","14.975"
"FACATATIVA - URBANO","2023-12-28","","13.26956522"
"FACATATIVA - URBANO","2023-12-27","","11.81083333"
"FACATATIVA - URBANO","2023-12-26","","9.66708333"
"FACATATIVA - URBANO","2023-12-25","","20.53916667"
"FACATATIVA - URBANO","2023-12-24","","19.07375"
"FACATATIVA - URBANO","2023-12-23","","24.49375"
"FACATATIVA - URBANO","2023-12-22","","17.34916667"
"FACATATIVA - URBANO","2023-12-21","","16.41291667"
"FACATATIVA - URBANO","2023-12-20","","12.04583333"
"FACATATIVA - URBANO","2023-12-19","","8.4525"
"FACATATIVA - URBANO","2023-12-18","","12.35291667"
"FACATATIVA - URBANO","2023-12-17","","8.54375"
"FACATATIVA - URBANO","2023-12-16","","12.68125"
"FACATATIVA - URBANO","2023-12-15","","16.77916667"
"FACATATIVA - URBANO","2023-12-14","","19.64958333"
"FACATATIVA - URBANO","2023-12-13","","18.4825"
"FACATATIVA - URBANO","2023-12-12","","12.57333333"
"FACATATIVA - URBANO","2023-12-11","","11.813"
"FACATATIVA - URBANO","2023-12-07","","19.87461538"
"FACATATIVA - URBANO","2023-12-06","","12.39565217"
"FACATATIVA - URBANO","2023-12-05","","19.98791667"
"FACATATIVA - URBANO","2023-12-04","","22.65208333"
"FACATATIVA - URBANO","2023-12-03","","18.37333333"
"FACATATIVA - URBANO","2023-12-02","","19.89708333"
"FACATATIVA - URBANO","2023-12-01","","15.66818182"
"FACATATIVA - URBANO","2023-11-30","","22.9675"
"FACATATIVA - URBANO","2023-11-29","","14.84"
"FACATATIVA - URBANO","2023-11-28","","6.52"
"FACATATIVA - URBANO","2023-11-27","","4.39083333"
"FACATATIVA - URBANO","2023-11-26","","6.16625"
"FACATATIVA - URBANO","2023-11-25","","12.28583333"
"FACATATIVA - URBANO","2023-11-24","","9.3425"
"FACATATIVA - URBANO","2023-11-23","","14.43375"
"FACATATIVA - URBANO","2023-11-22","","10.09083333"
"FACATATIVA - URBANO","2023-11-21","","8.13958333"
"FACATATIVA - URBANO","2023-11-20","","8.25041667"
"FACATATIVA - URBANO","2023-11-19","","4.21166667"
"FACATATIVA - URBANO","2023-11-18","","8.99958333"
"FACATATIVA - URBANO","2023-11-17","","12.02541667"
"FACATATIVA - URBANO","2023-11-16","","11.44791667"
"FACATATIVA - URBANO","2023-11-15","","9.28291667"
"FACATATIVA - URBANO","2023-11-14","","8.55416667"
"FACATATIVA - URBANO","2023-11-13","","7.24291667"
"FACATATIVA - URBANO","2023-11-12","","8.26416667"
"FACATATIVA - URBANO","2023-11-11","","8.4"
"FACATATIVA - URBANO","2023-11-10","","7.10791667"
"FACATATIVA - URBANO","2023-11-09","","7.60458333"
"FACATATIVA - URBANO","2023-11-08","","9.55541667"
"FACATATIVA - URBANO","2023-11-07","","7.41208333"
"FACATATIVA - URBANO","2023-11-06","","7.03458333"
"FACATATIVA - URBANO","2023-11-05","","9.46791667"
"FACATATIVA - URBANO","2023-11-04","","7.56291667"
"FACATATIVA - URBANO","2023-11-03","","8.69708333"
"FACATATIVA - URBANO","2023-11-02","","8.235"
"FACATATIVA - URBANO","2023-11-01","","4.58833333"
"FACATATIVA - URBANO","2023-10-31","","5.94"
"FACATATIVA - URBANO","2023-10-30","","9.52416667"
"FACATATIVA - URBANO","2023-10-29","","4.16416667"
"FACATATIVA - URBANO","2023-10-28","","5.3325"
"FACATATIVA - URBANO","2023-10-27","","6.38583333"
"FACATATIVA - URBANO","2023-10-26","","10.74166667"
"FACATATIVA - URBANO","2023-10-25","","12.37875"
"FACATATIVA - URBANO","2023-10-24","","12.35083333"
"FACATATIVA - URBANO","2023-10-23","","12.7575"
"FACATATIVA - URBANO","2023-10-22","","8.56291667"
"FACATATIVA - URBANO","2023-10-21","","10.89708333"
"FACATATIVA - URBANO","2023-10-20","","12.79833333"
"FACATATIVA - URBANO","2023-10-19","","8.165"
"FACATATIVA - URBANO","2023-10-18","","9.23041667"
"FACATATIVA - URBANO","2023-10-17","","10.82"
"FACATATIVA - URBANO","2023-10-16","","9.94833333"
"FACATATIVA - URBANO","2023-10-15","","9.86166667"
"FACATATIVA - URBANO","2023-10-14","","11.86541667"
"FACATATIVA - URBANO","2023-10-13","","14.14083333"
"FACATATIVA - URBANO","2023-10-12","","11.07541667"
"FACATATIVA - URBANO","2023-10-11","","10.56875"
"FACATATIVA - URBANO","2023-10-10","","7.02541667"
"FACATATIVA - URBANO","2023-10-09","","8.725"
"FACATATIVA - URBANO","2023-10-08","","8.08208333"
"FACATATIVA - URBANO","2023-10-07","","10.80125"
"FACATATIVA - URBANO","2023-10-06","","12.2275"
"FACATATIVA - URBANO","2023-10-05","","13.63375"
"FACATATIVA - URBANO","2023-10-04","","10.44125"
"FACATATIVA - URBANO","2023-10-03","","10.689"
"FACATATIVA - URBANO","2023-10-02","","10.83083333"
"FACATATIVA - URBANO","2023-10-01","","7.585"
"FACATATIVA - URBANO","2023-09-30","","12.42666667"
"FACATATIVA - URBANO","2023-09-29","","12.56291667"
"FACATATIVA - URBANO","2023-09-28","","16.87291667"
"FACATATIVA - URBANO","2023-09-27","","14.3125"
"FACATATIVA - URBANO","2023-09-26","","11.91875"
"FACATATIVA - URBANO","2023-09-25","","7.676875"
"FACATATIVA - URBANO","2023-09-21","","12.48111111"
"FACATATIVA - URBANO","2023-09-20","","13.48583333"
"FACATATIVA - URBANO","2023-09-19","","12.01875"
"FACATATIVA - URBANO","2023-09-18","","12.74041667"
"FACATATIVA - URBANO","2023-09-17","","7.61"
"FACATATIVA - URBANO","2023-09-16","","11.49458333"
"FACATATIVA - URBANO","2023-09-15","","9.01666667"
"FACATATIVA - URBANO","2023-09-14","","10.10916667"
"FACATATIVA - URBANO","2023-09-13","","11.51"
"FACATATIVA - URBANO","2023-09-12","","11.97333333"
"FACATATIVA - URBANO","2023-09-11","","7.43208333"
"FACATATIVA - URBANO","2023-09-10","","11.30958333"
"FACATATIVA - URBANO","2023-09-09","","11.82666667"
"FACATATIVA - URBANO","2023-09-08","","11.91458333"
"FACATATIVA - URBANO","2023-09-07","","11.96375"
"FACATATIVA - URBANO","2023-09-06","","11.93958333"
"FACATATIVA - URBANO","2023-09-05","","8.8126087"
"FACATATIVA - URBANO","2023-09-04","","9.70958333"
"FACATATIVA - URBANO","2023-09-03","","13.66"
"FACATATIVA - URBANO","2023-09-02","","14.35458333"
"FACATATIVA - URBANO","2023-09-01","","16.73458333"
"FACATATIVA - URBANO","2023-08-31","","13.2325"
"FACATATIVA - URBANO","2023-08-30","","11.61333333"
"FACATATIVA - URBANO","2023-08-29","","11.76625"
"FACATATIVA - URBANO","2023-08-28","","11.97916667"
"FACATATIVA - URBANO","2023-08-27","","9.5525"
"FACATATIVA - URBANO","2023-08-26","","13.72"
"FACATATIVA - URBANO","2023-08-25","","13.23791667"
"FACATATIVA - URBANO","2023-08-24","","11.07541667"
"FACATATIVA - URBANO","2023-08-23","","9.6375"
"FACATATIVA - URBANO","2023-08-22","","8.13"
"FACATATIVA - URBANO","2023-08-21","","7.46041667"
"FACATATIVA - URBANO","2023-08-20","","9.25666667"
"FACATATIVA - URBANO","2023-08-19","","13.69875"
"FACATATIVA - URBANO","2023-08-18","","15.28652174"
"FACATATIVA - URBANO","2023-08-17","","10.5775"
"FACATATIVA - URBANO","2023-08-16","","11.69541667"
"FACATATIVA - URBANO","2023-08-15","","6.80666667"
"FACATATIVA - URBANO","2023-08-14","","11.10583333"
"FACATATIVA - URBANO","2023-08-13","","5.26708333"
"FACATATIVA - URBANO","2023-08-12","","8.87625"
"FACATATIVA - URBANO","2023-08-11","","7.49125"
"FACATATIVA - URBANO","2023-08-10","","16.62416667"
"FACATATIVA - URBANO","2023-08-09","","12.77333333"
"FACATATIVA - URBANO","2023-08-08","","10.19583333"
"FACATATIVA - URBANO","2023-08-07","","6.44333333"
"FACATATIVA - URBANO","2023-08-06","","6.38541667"
"FACATATIVA - URBANO","2023-08-05","","13.315"
"FACATATIVA - URBANO","2023-08-04","","11.29583333"
"FACATATIVA - URBANO","2023-08-03","","9.6425"
"FACATATIVA - URBANO","2023-08-02","","10.60208333"
"FACATATIVA - URBANO","2023-08-01","","7.73208333"
"FACATATIVA - URBANO","2023-07-31","","9.46041667"
"FACATATIVA - URBANO","2023-07-30","","6.28458333"
"FACATATIVA - URBANO","2023-07-29","","7.40083333"
"FACATATIVA - URBANO","2023-07-28","","12.82666667"
"FACATATIVA - URBANO","2023-07-27","","8.30625"
"FACATATIVA - URBANO","2023-07-26","","13.78458333"
"FACATATIVA - URBANO","2023-07-25","","9.10375"
"FACATATIVA - URBANO","2023-07-24","","10.14625"
"FACATATIVA - URBANO","2023-07-23","","7.12541667"
"FACATATIVA - URBANO","2023-07-22","","7.35041667"
"FACATATIVA - URBANO","2023-07-21","","7.29541667"
"FACATATIVA - URBANO","2023-07-20","","5.68375"
"FACATATIVA - URBANO","2023-07-19","","7.60375"
"FACATATIVA - URBANO","2023-07-18","","7.92208333"
"FACATATIVA - URBANO","2023-07-17","","6.63875"
"FACATATIVA - URBANO","2023-07-16","","5.81416667"
"FACATATIVA - URBANO","2023-07-15","","7.31833333"
"FACATATIVA - URBANO","2023-07-14","","8.00166667"
"FACATATIVA - URBANO","2023-07-13","","6.16913043"
"FACATATIVA - URBANO","2023-07-12","","8.7975"
"FACATATIVA - URBANO","2023-07-11","","6.38875"
"FACATATIVA - URBANO","2023-07-10","","7.20291667"
"FACATATIVA - URBANO","2023-07-09","","4.84458333"
"FACATATIVA - URBANO","2023-07-08","","7.41625"
"FACATATIVA - URBANO","2023-07-07","","8.51625"
"FACATATIVA - URBANO","2023-07-06","","9.13708333"
"FACATATIVA - URBANO","2023-07-05","","11.1075"
"FACATATIVA - URBANO","2023-07-04","","10.38"
"FACATATIVA - URBANO","2023-07-03","","7.5375"
"FACATATIVA - URBANO","2023-07-02","","7.58708333"
"FACATATIVA - URBANO","2023-07-01","","6.14833333"
"FACATATIVA - URBANO","2023-06-30","","5.23708333"
"FACATATIVA - URBANO","2023-06-29","","7.12125"
"FACATATIVA - URBANO","2023-06-28","","12.70541667"
"FACATATIVA - URBANO","2023-06-27","","7.89833333"
"FACATATIVA - URBANO","2023-06-26","","6.36208333"
"FACATATIVA - URBANO","2023-06-25","","4.24478261"
"FACATATIVA - URBANO","2023-06-24","","8.31041667"
"FACATATIVA - URBANO","2023-06-23","","9.98083333"
"FACATATIVA - URBANO","2023-06-22","","8.00875"
"FACATATIVA - URBANO","2023-06-21","","6.69791667"
"FACATATIVA - URBANO","2023-06-20","","5.51958333"
"FACATATIVA - URBANO","2023-06-19","","4.68625"
"FACATATIVA - URBANO","2023-06-18","","3.96125"
"FACATATIVA - URBANO","2023-06-17","","6.49625"
"FACATATIVA - URBANO","2023-06-16","","9.40666667"
"FACATATIVA - URBANO","2023-06-15","","4.97833333"
"FACATATIVA - URBANO","2023-06-14","","7.06208333"
"FACATATIVA - URBANO","2023-06-13","","6.745"
"FACATATIVA - URBANO","2023-06-12","","4.07375"
"FACATATIVA - URBANO","2023-06-11","","6.915"
"FACATATIVA - URBANO","2023-06-10","","10.65083333"
"FACATATIVA - URBANO","2023-06-09","","8.83347826"
"FACATATIVA - URBANO","2023-06-08","","8.55958333"
"FACATATIVA - URBANO","2023-06-07","","8.435"
"FACATATIVA - URBANO","2023-06-06","","5.73083333"
"FACATATIVA - URBANO","2023-06-05","","7.45083333"
"FACATATIVA - URBANO","2023-06-04","","8.34"
"FACATATIVA - URBANO","2023-06-03","","9.32458333"
"FACATATIVA - URBANO","2023-06-02","","6.73333333"
"FACATATIVA - URBANO","2023-06-01","","5.81333333"
"FACATATIVA - URBANO","2023-05-31","","8.42375"
"FACATATIVA - URBANO","2023-05-30","","8.7275"
"FACATATIVA - URBANO","2023-05-29","","11.73541667"
"FACATATIVA - URBANO","2023-05-28","","5.8475"
"FACATATIVA - URBANO","2023-05-27","","8.82"
"FACATATIVA - URBANO","2023-05-26","","8.94291667"
"FACATATIVA - URBANO","2023-05-25","","5.45217391"
"FACATATIVA - URBANO","2023-05-24","","13.28375"
"FACATATIVA - URBANO","2023-05-23","","9.77666667"
"FACATATIVA - URBANO","2023-05-22","","6.94791667"
"FACATATIVA - URBANO","2023-05-21","","10.06583333"
"FACATATIVA - URBANO","2023-05-20","","8.73166667"
"FACATATIVA - URBANO","2023-05-19","","7.76916667"
"FACATATIVA - URBANO","2023-05-18","","9.28875"
"FACATATIVA - URBANO","2023-05-17","","11.43"
"FACATATIVA - URBANO","2023-05-16","","12.74"
"FACATATIVA - URBANO","2023-05-15","","7.74666667"
"FACATATIVA - URBANO","2023-05-14","","4.88708333"
"FACATATIVA - URBANO","2023-05-13","","10.30833333"
"FACATATIVA - URBANO","2023-05-12","","10.66916667"
"FACATATIVA - URBANO","2023-05-11","","8.94916667"
"FACATATIVA - URBANO","2023-05-10","","12.94041667"
"FACATATIVA - URBANO","2023-05-09","","8.13083333"
"FACATATIVA - URBANO","2023-05-08","","14.00416667"
