"Estacion","Fecha inicial","Fecha final","NO2"
"FACATATIVA - URBANO","2025-11-02","","16.92833333"
"FACATATIVA - URBANO","2025-11-01","","19.51791667"
"FACATATIVA - URBANO","2025-10-31","","18.55708333"
"FACATATIVA - URBANO","2025-10-30","","21.30583333"
"FACATATIVA - URBANO","2025-10-29","","18.72041667"
"FACATATIVA - URBANO","2025-10-28","","16.97375"
"FACATATIVA - URBANO","2025-10-27","","21.78125"
"FACATATIVA - URBANO","2025-10-26","","21.22458333"
"FACATATIVA - URBANO","2025-10-25","","23.6675"
"FACATATIVA - URBANO","2025-10-24","","24.21958333"
"FACATATIVA - URBANO","2025-10-23","","23.05291667"
"FACATATIVA - URBANO","2025-10-22","","23.71041667"
"FACATATIVA - URBANO","2025-10-21","","22.93125"
"FACATATIVA - URBANO","2025-10-20","","20.91875"
"FACATATIVA - URBANO","2025-10-19","","14.34416667"
"FACATATIVA - URBANO","2025-10-18","","20.53"
"FACATATIVA - URBANO","2025-10-17","","22.01916667"
"FACATATIVA - URBANO","2025-10-16","","24.34208333"
"FACATATIVA - URBANO","2025-10-15","","21.99416667"
"FACATATIVA - URBANO","2025-10-14","","22.08041667"
"FACATATIVA - URBANO","2025-10-13","","20.06666667"
"FACATATIVA - URBANO","2025-10-12","","19.03875"
"FACATATIVA - URBANO","2025-10-11","","21.37"
"FACATATIVA - URBANO","2025-10-10","","22.76291667"
"FACATATIVA - URBANO","2025-10-09","","23.60958333"
"FACATATIVA - URBANO","2025-10-08","","20.0575"
"FACATATIVA - URBANO","2025-10-07","","23.92958333"
"FACATATIVA - URBANO","2025-10-06","","22.58458333"
"FACATATIVA - URBANO","2025-10-05","","20.52166667"
"FACATATIVA - URBANO","2025-10-04","","22.86"
"FACATATIVA - URBANO","2025-10-03","","28.50708333"
"FACATATIVA - URBANO","2025-10-02","","38.09166667"
"FACATATIVA - URBANO","2025-10-01","","23.94916667"
"FACATATIVA - URBANO","2025-09-30","","22.87583333"
"FACATATIVA - URBANO","2025-09-29","","24.2525"
"FACATATIVA - URBANO","2025-09-28","","21.41833333"
"FACATATIVA - URBANO","2025-09-27","","24.60541667"
"FACATATIVA - URBANO","2025-09-26","","26.01458333"
"FACATATIVA - URBANO","2025-09-25","","34.55875"
"FACATATIVA - URBANO","2025-09-24","","46.10541667"
"FACATATIVA - URBANO","2025-09-23","","41.585"
"FACATATIVA - URBANO","2025-09-22","","41.86291667"
"FACATATIVA - URBANO","2025-09-21","","39.36333333"
"FACATATIVA - URBANO","2025-09-20","","42.1"
"FACATATIVA - URBANO","2025-09-19","","36.40666667"
"FACATATIVA - URBANO","2025-09-18","","24.84041667"
"FACATATIVA - URBANO","2025-09-17","","23.98125"
"FACATATIVA - URBANO","2025-09-16","","22.9125"
"FACATATIVA - URBANO","2025-09-15","","22.52666667"
"FACATATIVA - URBANO","2025-09-14","","21.0575"
"FACATATIVA - URBANO","2025-09-13","","35.48375"
"FACATATIVA - URBANO","2025-09-12","","35.37791667"
"FACATATIVA - URBANO","2025-09-11","","30.41916667"
"FACATATIVA - URBANO","2025-09-10","","23.10625"
"FACATATIVA - URBANO","2025-09-09","","18.71291667"
"FACATATIVA - URBANO","2025-09-08","","22.27125"
"FACATATIVA - URBANO","2025-09-07","","20.13583333"
"FACATATIVA - URBANO","2025-09-06","","21.92458333"
"FACATATIVA - URBANO","2025-09-05","","20.68708333"
"FACATATIVA - URBANO","2025-09-04","","23.08833333"
"FACATATIVA - URBANO","2025-09-03","","22.14291667"
"FACATATIVA - URBANO","2025-09-02","","22.84833333"
"FACATATIVA - URBANO","2025-09-01","","21.17166667"
"FACATATIVA - URBANO","2025-08-31","","26.36833333"
"FACATATIVA - URBANO","2025-08-30","","29.02565217"
"FACATATIVA - URBANO","2025-08-29","","23.67791667"
"FACATATIVA - URBANO","2025-08-28","","32.86875"
"FACATATIVA - URBANO","2025-08-27","","46.985"
"FACATATIVA - URBANO","2025-08-26","","40.49772727"
"FACATATIVA - URBANO","2025-08-25","","42.8625"
"FACATATIVA - URBANO","2025-08-24","","20.42166667"
"FACATATIVA - URBANO","2025-08-23","","22.20958333"
"FACATATIVA - URBANO","2025-08-22","","23.2625"
"FACATATIVA - URBANO","2025-08-21","","22.88625"
"FACATATIVA - URBANO","2025-08-20","","22.38416667"
"FACATATIVA - URBANO","2025-08-19","","23.04541667"
"FACATATIVA - URBANO","2025-08-18","","28.1025"
"FACATATIVA - URBANO","2025-08-17","","27.93875"
"FACATATIVA - URBANO","2025-08-16","","22.40541667"
"FACATATIVA - URBANO","2025-08-15","","37.51708333"
"FACATATIVA - URBANO","2025-08-14","","43.76375"
"FACATATIVA - URBANO","2025-08-13","","39.94625"
"FACATATIVA - URBANO","2025-08-12","","37.90875"
"FACATATIVA - URBANO","2025-08-11","","41.61083333"
"FACATATIVA - URBANO","2025-08-10","","27.55416667"
"FACATATIVA - URBANO","2025-08-09","","24.48916667"
"FACATATIVA - URBANO","2025-08-08","","24.43958333"
"FACATATIVA - URBANO","2025-08-07","","22.71458333"
"FACATATIVA - URBANO","2025-08-06","","32.515"
"FACATATIVA - URBANO","2025-08-05","","42.19291667"
"FACATATIVA - URBANO","2025-08-04","","41.14714286"
"FACATATIVA - URBANO","2025-08-03","","18.25416667"
"FACATATIVA - URBANO","2025-08-02","","19.88041667"
"FACATATIVA - URBANO","2025-08-01","","34.57125"
"FACATATIVA - URBANO","2025-07-31","","39.6075"
"FACATATIVA - URBANO","2025-07-30","","20.03304348"
"FACATATIVA - URBANO","2025-07-13","","47.55363636"
"FACATATIVA - URBANO","2025-07-12","","49.15947368"
"FACATATIVA - URBANO","2025-07-11","","53.845"
"FACATATIVA - URBANO","2025-07-10","","54.6305"
"FACATATIVA - URBANO","2025-07-08","","22.55666667"
"FACATATIVA - URBANO","2025-07-07","","28.09"
"FACATATIVA - URBANO","2025-07-06","","28.19458333"
"FACATATIVA - URBANO","2025-07-05","","32.44416667"
"FACATATIVA - URBANO","2025-07-04","","38.02541667"
"FACATATIVA - URBANO","2025-07-03","","29.91458333"
"FACATATIVA - URBANO","2025-07-02","","31.71375"
"FACATATIVA - URBANO","2025-07-01","","35.72333333"
"FACATATIVA - URBANO","2025-06-30","","32.17083333"
"FACATATIVA - URBANO","2025-06-29","","27.08416667"
"FACATATIVA - URBANO","2025-06-28","","29.45083333"
"FACATATIVA - URBANO","2025-06-27","","32.13875"
"FACATATIVA - URBANO","2025-06-26","","30.7525"
"FACATATIVA - URBANO","2025-06-25","","29.21291667"
"FACATATIVA - URBANO","2025-06-24","","19.31666667"
"FACATATIVA - URBANO","2025-06-23","","20.83208333"
"FACATATIVA - URBANO","2025-06-22","","20.49791667"
"FACATATIVA - URBANO","2025-06-21","","23.36625"
"FACATATIVA - URBANO","2025-06-20","","36.21208333"
"FACATATIVA - URBANO","2025-06-19","","45.33291667"
"FACATATIVA - URBANO","2025-06-18","","48.90041667"
"FACATATIVA - URBANO","2025-06-17","","44.84"
"FACATATIVA - URBANO","2025-06-16","","36.25333333"
"FACATATIVA - URBANO","2025-06-15","","43.50458333"
"FACATATIVA - URBANO","2025-06-14","","29.25875"
"FACATATIVA - URBANO","2025-06-13","","40.24"
"FACATATIVA - URBANO","2025-06-12","","27.60333333"
"FACATATIVA - URBANO","2025-06-11","","42.97625"
"FACATATIVA - URBANO","2025-06-10","","23.77875"
"FACATATIVA - URBANO","2025-06-09","","22.27041667"
"FACATATIVA - URBANO","2025-06-08","","18.505"
"FACATATIVA - URBANO","2025-06-07","","21.03541667"
"FACATATIVA - URBANO","2025-06-06","","20.04458333"
"FACATATIVA - URBANO","2025-06-05","","22.26416667"
"FACATATIVA - URBANO","2025-06-04","","35.53625"
"FACATATIVA - URBANO","2025-06-03","","40.84666667"
"FACATATIVA - URBANO","2025-06-02","","37.695"
"FACATATIVA - URBANO","2025-06-01","","39.54916667"
"FACATATIVA - URBANO","2025-05-31","","42.65916667"
"FACATATIVA - URBANO","2025-05-30","","48.13458333"
"FACATATIVA - URBANO","2025-05-29","","44.66208333"
"FACATATIVA - URBANO","2025-05-28","","41.175"
"FACATATIVA - URBANO","2025-05-27","","42.6125"
"FACATATIVA - URBANO","2025-05-26","","21.9425"
"FACATATIVA - URBANO","2025-05-25","","21.44833333"
"FACATATIVA - URBANO","2025-05-24","","16.62666667"
"FACATATIVA - URBANO","2025-05-23","","20.5125"
"FACATATIVA - URBANO","2025-05-22","","19.92923077"
"FACATATIVA - URBANO","2025-05-18","","36.66857143"
"FACATATIVA - URBANO","2025-05-17","","37.16125"
"FACATATIVA - URBANO","2025-05-16","","34.86375"
"FACATATIVA - URBANO","2025-05-15","","35.88333333"
"FACATATIVA - URBANO","2025-05-14","","32.36333333"
"FACATATIVA - URBANO","2025-05-13","","33.13916667"
"FACATATIVA - URBANO","2025-05-12","","28.58173913"
"FACATATIVA - URBANO","2025-05-11","","31.81"
"FACATATIVA - URBANO","2025-05-10","","37.20458333"
"FACATATIVA - URBANO","2025-05-09","","40.2375"
"FACATATIVA - URBANO","2025-05-08","","39.44208333"
"FACATATIVA - URBANO","2025-05-07","","39.34125"
"FACATATIVA - URBANO","2025-05-06","","35.14375"
"FACATATIVA - URBANO","2025-05-05","","36.43916667"
"FACATATIVA - URBANO","2025-05-04","","36.21208333"
"FACATATIVA - URBANO","2025-05-03","","39.6775"
"FACATATIVA - URBANO","2025-05-02","","41.36416667"
"FACATATIVA - URBANO","2025-05-01","","36.28458333"
"FACATATIVA - URBANO","2025-04-30","","42.53083333"
"FACATATIVA - URBANO","2025-04-29","","43.079"
"FACATATIVA - URBANO","2025-04-28","","38.23958333"
"FACATATIVA - URBANO","2025-04-27","","38.7025"
"FACATATIVA - URBANO","2025-04-26","","58.66791667"
"FACATATIVA - URBANO","2025-04-25","","46.96083333"
"FACATATIVA - URBANO","2025-04-24","","44.48708333"
"FACATATIVA - URBANO","2025-04-23","","37.64125"
"FACATATIVA - URBANO","2025-04-22","","39.8475"
"FACATATIVA - URBANO","2025-04-21","","40.63291667"
"FACATATIVA - URBANO","2025-04-20","","36.12375"
"FACATATIVA - URBANO","2025-04-19","","37.96217391"
"FACATATIVA - URBANO","2025-04-18","","36.79041667"
"FACATATIVA - URBANO","2025-04-17","","39.384375"
"FACATATIVA - URBANO","2025-04-16","","42.7525"
"FACATATIVA - URBANO","2025-04-15","","42.9273913"
"FACATATIVA - URBANO","2025-01-13","","24.87866667"
"FACATATIVA - URBANO","2025-01-12","","34.72125"
"FACATATIVA - URBANO","2025-01-11","","39.68041667"
"FACATATIVA - URBANO","2025-01-10","","42.07416667"
"FACATATIVA - URBANO","2025-01-09","","38.86958333"
"FACATATIVA - URBANO","2025-01-08","","45.12666667"
"FACATATIVA - URBANO","2025-01-07","","42.68333333"
"FACATATIVA - URBANO","2025-01-06","","28.03"
"FACATATIVA - URBANO","2025-01-05","","31.485"
"FACATATIVA - URBANO","2025-01-04","","36.57416667"
"FACATATIVA - URBANO","2025-01-03","","38.09666667"
"FACATATIVA - URBANO","2025-01-02","","40.04333333"
"FACATATIVA - URBANO","2025-01-01","","32.15913043"
"FACATATIVA - URBANO","2024-12-30","","36.935"
"FACATATIVA - URBANO","2024-12-29","","41.36791667"
"FACATATIVA - URBANO","2024-12-28","","42.87666667"
"FACATATIVA - URBANO","2024-12-27","","46.16"
"FACATATIVA - URBANO","2024-12-26","","40.23666667"
"FACATATIVA - URBANO","2024-12-25","","37.01916667"
"FACATATIVA - URBANO","2024-12-24","","40.33458333"
"FACATATIVA - URBANO","2024-12-23","","32.8175"
"FACATATIVA - URBANO","2024-12-22","","35.27"
"FACATATIVA - URBANO","2024-12-21","","40.76"
"FACATATIVA - URBANO","2024-12-20","","39.1675"
"FACATATIVA - URBANO","2024-12-19","","30.35375"
"FACATATIVA - URBANO","2024-12-18","","35.45666667"
"FACATATIVA - URBANO","2024-12-17","","38.22333333"
"FACATATIVA - URBANO","2024-12-16","","43.42541667"
"FACATATIVA - URBANO","2024-12-15","","43.60958333"
"FACATATIVA - URBANO","2024-12-14","","42.84791667"
"FACATATIVA - URBANO","2024-12-13","","46.39"
"FACATATIVA - URBANO","2024-12-12","","39.48466667"
"FACATATIVA - URBANO","2024-12-11","","40.15166667"
"FACATATIVA - URBANO","2024-12-10","","35.75791667"
"FACATATIVA - URBANO","2024-12-09","","42.10083333"
"FACATATIVA - URBANO","2024-12-08","","41.84"
"FACATATIVA - URBANO","2024-12-07","","39.77166667"
"FACATATIVA - URBANO","2024-12-06","","40.74416667"
"FACATATIVA - URBANO","2024-12-05","","39.30291667"
"FACATATIVA - URBANO","2024-12-04","","38.65166667"
"FACATATIVA - URBANO","2024-12-03","","38.57791667"
"FACATATIVA - URBANO","2024-12-02","","32.015"
"FACATATIVA - URBANO","2024-12-01","","31.83125"
"FACATATIVA - URBANO","2024-11-30","","38.37791667"
"FACATATIVA - URBANO","2024-11-29","","34.98125"
"FACATATIVA - URBANO","2024-11-28","","32.41916667"
"FACATATIVA - URBANO","2024-11-27","","38.36333333"
"FACATATIVA - URBANO","2024-11-26","","32.0726087"
"FACATATIVA - URBANO","2024-11-25","","32.14833333"
"FACATATIVA - URBANO","2024-11-24","","33.4695"
"FACATATIVA - URBANO","2024-11-23","","40.58541667"
"FACATATIVA - URBANO","2024-11-22","","40.10833333"
"FACATATIVA - URBANO","2024-11-21","","41.03625"
"FACATATIVA - URBANO","2024-11-20","","40.02125"
"FACATATIVA - URBANO","2024-11-19","","39.19291667"
"FACATATIVA - URBANO","2024-11-18","","31.51363636"
"FACATATIVA - URBANO","2024-11-17","","29.05583333"
"FACATATIVA - URBANO","2024-11-16","","33.3425"
"FACATATIVA - URBANO","2024-11-15","","35.90041667"
"FACATATIVA - URBANO","2024-11-14","","34.08625"
"FACATATIVA - URBANO","2024-11-13","","31.65208333"
"FACATATIVA - URBANO","2024-11-12","","26.90458333"
"FACATATIVA - URBANO","2024-11-11","","35.34291667"
"FACATATIVA - URBANO","2024-11-10","","32.49208333"
"FACATATIVA - URBANO","2024-11-09","","36.88166667"
"FACATATIVA - URBANO","2024-11-08","","35.59708333"
"FACATATIVA - URBANO","2024-11-07","","38.955"
"FACATATIVA - URBANO","2024-11-06","","37.24541667"
"FACATATIVA - URBANO","2024-11-05","","33.3875"
"FACATATIVA - URBANO","2024-11-04","","33.035"
"FACATATIVA - URBANO","2024-11-03","","35.3325"
"FACATATIVA - URBANO","2024-11-02","","39.77125"
"FACATATIVA - URBANO","2024-11-01","","41.255"
"FACATATIVA - URBANO","2024-10-31","","40.97875"
"FACATATIVA - URBANO","2024-10-30","","42.09916667"
"FACATATIVA - URBANO","2024-10-29","","38.47541667"
"FACATATIVA - URBANO","2024-10-28","","40.44541667"
"FACATATIVA - URBANO","2024-10-27","","34.35666667"
"FACATATIVA - URBANO","2024-10-26","","31.77208333"
"FACATATIVA - URBANO","2024-10-25","","40.05"
"FACATATIVA - URBANO","2024-10-24","","35.65875"
"FACATATIVA - URBANO","2024-10-23","","43.465"
"FACATATIVA - URBANO","2024-10-22","","44.85083333"
"FACATATIVA - URBANO","2024-10-21","","44.27291667"
"FACATATIVA - URBANO","2024-10-20","","42.68958333"
"FACATATIVA - URBANO","2024-10-19","","46.40083333"
"FACATATIVA - URBANO","2024-10-18","","42.30291667"
"FACATATIVA - URBANO","2024-10-17","","43.41166667"
"FACATATIVA - URBANO","2024-10-16","","43.33083333"
"FACATATIVA - URBANO","2024-10-15","","43.35708333"
"FACATATIVA - URBANO","2024-10-14","","37.38416667"
"FACATATIVA - URBANO","2024-10-13","","34.98416667"
"FACATATIVA - URBANO","2024-10-12","","32.90041667"
"FACATATIVA - URBANO","2024-10-11","","31.99208333"
"FACATATIVA - URBANO","2024-10-10","","37.00875"
"FACATATIVA - URBANO","2024-10-09","","40.14458333"
"FACATATIVA - URBANO","2024-10-08","","36.8325"
"FACATATIVA - URBANO","2024-10-07","","43.105"
"FACATATIVA - URBANO","2024-10-06","","39.26625"
"FACATATIVA - URBANO","2024-10-05","","43.76541667"
"FACATATIVA - URBANO","2024-10-04","","43.33375"
"FACATATIVA - URBANO","2024-10-03","","41.54416667"
"FACATATIVA - URBANO","2024-10-02","","39.755"
"FACATATIVA - URBANO","2024-10-01","","43.12625"
"FACATATIVA - URBANO","2024-09-30","","43.84458333"
"FACATATIVA - URBANO","2024-09-29","","39.18041667"
"FACATATIVA - URBANO","2024-09-28","","42.79958333"
"FACATATIVA - URBANO","2024-09-27","","46.1775"
"FACATATIVA - URBANO","2024-09-26","","42.37625"
"FACATATIVA - URBANO","2024-09-25","","40.985"
"FACATATIVA - URBANO","2024-09-24","","42.36041667"
"FACATATIVA - URBANO","2024-09-23","","45.78434783"
"FACATATIVA - URBANO","2024-09-22","","48.71208333"
"FACATATIVA - URBANO","2024-09-21","","57.85958333"
"FACATATIVA - URBANO","2024-09-20","","55.53083333"
"FACATATIVA - URBANO","2024-09-19","","60.27708333"
"FACATATIVA - URBANO","2024-09-18","","59.52666667"
"FACATATIVA - URBANO","2024-09-17","","56.16958333"
"FACATATIVA - URBANO","2024-09-16","","40.03777778"
"FACATATIVA - URBANO","2024-08-19","","26.656"
"FACATATIVA - URBANO","2024-08-18","","30.39833333"
"FACATATIVA - URBANO","2024-08-17","","34.26541667"
"FACATATIVA - URBANO","2024-08-16","","31.23875"
"FACATATIVA - URBANO","2024-08-15","","29.21375"
"FACATATIVA - URBANO","2024-08-14","","33.4475"
"FACATATIVA - URBANO","2024-08-13","","30.95041667"
"FACATATIVA - URBANO","2024-08-12","","32.31416667"
"FACATATIVA - URBANO","2024-08-11","","29.42958333"
"FACATATIVA - URBANO","2024-08-10","","33.78375"
"FACATATIVA - URBANO","2024-08-09","","36.24916667"
"FACATATIVA - URBANO","2024-08-08","","37.67"
"FACATATIVA - URBANO","2024-08-07","","35.52291667"
"FACATATIVA - URBANO","2024-08-06","","33.7475"
"FACATATIVA - URBANO","2024-08-05","","37.04208333"
"FACATATIVA - URBANO","2024-08-04","","32.78916667"
"FACATATIVA - URBANO","2024-08-03","","30.75625"
"FACATATIVA - URBANO","2024-08-02","","36.515"
"FACATATIVA - URBANO","2024-08-01","","36.195"
"FACATATIVA - URBANO","2024-07-31","","35.75416667"
"FACATATIVA - URBANO","2024-07-30","","32.73791667"
"FACATATIVA - URBANO","2024-07-29","","26.17333333"
"FACATATIVA - URBANO","2024-07-28","","28.03791667"
"FACATATIVA - URBANO","2024-07-27","","34.40083333"
"FACATATIVA - URBANO","2024-07-26","","34.31875"
"FACATATIVA - URBANO","2024-07-25","","36.19416667"
"FACATATIVA - URBANO","2024-07-24","","35.47916667"
"FACATATIVA - URBANO","2024-07-23","","31.74416667"
"FACATATIVA - URBANO","2024-07-22","","28.385"
"FACATATIVA - URBANO","2024-07-21","","31.11458333"
"FACATATIVA - URBANO","2024-07-20","","33.13541667"
"FACATATIVA - URBANO","2024-07-19","","33.95041667"
"FACATATIVA - URBANO","2024-07-18","","32.27708333"
"FACATATIVA - URBANO","2024-07-17","","28.46041667"
"FACATATIVA - URBANO","2024-07-16","","31.14833333"
"FACATATIVA - URBANO","2024-07-15","","33.14458333"
"FACATATIVA - URBANO","2024-07-14","","31.58875"
"FACATATIVA - URBANO","2024-07-13","","34.17041667"
"FACATATIVA - URBANO","2024-07-12","","34.69833333"
"FACATATIVA - URBANO","2024-07-11","","29.66958333"
"FACATATIVA - URBANO","2024-07-10","","28.70291667"
"FACATATIVA - URBANO","2024-07-09","","30.76916667"
"FACATATIVA - URBANO","2024-07-08","","28.82708333"
"FACATATIVA - URBANO","2024-07-07","","30.93333333"
"FACATATIVA - URBANO","2024-07-06","","33.11791667"
"FACATATIVA - URBANO","2024-07-05","","33.10375"
"FACATATIVA - URBANO","2024-07-04","","38.05333333"
"FACATATIVA - URBANO","2024-07-03","","35.05833333"
"FACATATIVA - URBANO","2024-07-02","","34.47041667"
"FACATATIVA - URBANO","2024-07-01","","32.4975"
"FACATATIVA - URBANO","2024-06-30","","33.015"
"FACATATIVA - URBANO","2024-06-29","","36.44916667"
"FACATATIVA - URBANO","2024-06-28","","34.83666667"
"FACATATIVA - URBANO","2024-06-27","","34.26458333"
"FACATATIVA - URBANO","2024-06-26","","33.48791667"
"FACATATIVA - URBANO","2024-06-25","","32.175"
"FACATATIVA - URBANO","2024-06-24","","30.75541667"
"FACATATIVA - URBANO","2024-06-23","","29.03541667"
"FACATATIVA - URBANO","2024-06-22","","34.40708333"
"FACATATIVA - URBANO","2024-06-21","","35.27666667"
"FACATATIVA - URBANO","2024-06-20","","36.46625"
"FACATATIVA - URBANO","2024-06-19","","37.16291667"
"FACATATIVA - URBANO","2024-06-18","","36.44416667"
"FACATATIVA - URBANO","2024-06-17","","33.65083333"
"FACATATIVA - URBANO","2024-06-16","","31.15125"
"FACATATIVA - URBANO","2024-06-15","","33.55083333"
"FACATATIVA - URBANO","2024-06-14","","35.55958333"
"FACATATIVA - URBANO","2024-06-13","","32.07842105"
"FACATATIVA - URBANO","2024-06-12","","32.74434783"
"FACATATIVA - URBANO","2024-06-11","","32.258"
"FACATATIVA - URBANO","2024-06-10","","32.15904762"
"FACATATIVA - URBANO","2024-06-09","","31.68722222"
"FACATATIVA - URBANO","2024-06-08","","33.2"
"FACATATIVA - URBANO","2024-06-07","","30.25"
"FACATATIVA - URBANO","2024-06-06","","30.68"
"FACATATIVA - URBANO","2024-06-05","","31.58"
"FACATATIVA - URBANO","2024-06-04","","30.68478261"
"FACATATIVA - URBANO","2024-06-03","","28.10533333"
"FACATATIVA - URBANO","2024-06-02","","29.45809524"
"FACATATIVA - URBANO","2024-06-01","","29.35222222"
"FACATATIVA - URBANO","2024-05-31","","28.94941176"
"FACATATIVA - URBANO","2024-05-30","","32.22176471"
"FACATATIVA - URBANO","2024-05-29","","35.43466667"
"FACATATIVA - URBANO","2024-05-28","","38.92384615"
"FACATATIVA - URBANO","2024-05-27","","39.96545455"
"FACATATIVA - URBANO","2024-05-26","","33.03105263"
"FACATATIVA - URBANO","2024-05-25","","35.69095238"
"FACATATIVA - URBANO","2024-05-24","","34.19941176"
"FACATATIVA - URBANO","2024-05-23","","29.04619048"
"FACATATIVA - URBANO","2024-05-22","","23.69545455"
"FACATATIVA - URBANO","2024-05-21","","27.88125"
"FACATATIVA - URBANO","2024-05-20","","29.92958333"
"FACATATIVA - URBANO","2024-05-19","","28.38956522"
"FACATATIVA - URBANO","2024-05-18","","27.29875"
"FACATATIVA - URBANO","2024-05-17","","33.22608696"
"FACATATIVA - URBANO","2024-05-16","","31.96875"
"FACATATIVA - URBANO","2024-05-15","","31.91916667"
"FACATATIVA - URBANO","2024-05-14","","29.62291667"
"FACATATIVA - URBANO","2024-05-13","","27.2747619"
"FACATATIVA - URBANO","2024-05-12","","27.32916667"
"FACATATIVA - URBANO","2024-05-11","","30.03291667"
"FACATATIVA - URBANO","2024-05-10","","28.11"
"FACATATIVA - URBANO","2024-05-09","","36.37916667"
"FACATATIVA - URBANO","2024-05-08","","38.70166667"
"FACATATIVA - URBANO","2024-05-07","","32.71083333"
"FACATATIVA - URBANO","2024-05-06","","31.95791667"
"FACATATIVA - URBANO","2024-05-05","","31.15833333"
"FACATATIVA - URBANO","2024-05-04","","36.77916667"
"FACATATIVA - URBANO","2024-05-03","","37.745"
"FACATATIVA - URBANO","2024-05-02","","37.00666667"
"FACATATIVA - URBANO","2024-05-01","","34.63583333"
"FACATATIVA - URBANO","2024-04-30","","40.28666667"
"FACATATIVA - URBANO","2024-04-29","","39.73958333"
"FACATATIVA - URBANO","2024-04-28","","38.72291667"
"FACATATIVA - URBANO","2024-04-27","","40.47458333"
"FACATATIVA - URBANO","2024-04-26","","39.79958333"
"FACATATIVA - URBANO","2024-04-25","","40.73791667"
"FACATATIVA - URBANO","2024-04-24","","45.05958333"
"FACATATIVA - URBANO","2024-04-23","","45.59208333"
"FACATATIVA - URBANO","2024-04-22","","43.44416667"
"FACATATIVA - URBANO","2024-04-21","","41.21166667"
"FACATATIVA - URBANO","2024-04-20","","47.36666667"
"FACATATIVA - URBANO","2024-04-19","","44.1875"
"FACATATIVA - URBANO","2024-04-18","","46.305"
"FACATATIVA - URBANO","2024-04-17","","51.58875"
"FACATATIVA - URBANO","2024-04-16","","46.80875"
"FACATATIVA - URBANO","2024-04-15","","54.160625"
"FACATATIVA - URBANO","2024-04-14","","37.30333333"
"FACATATIVA - URBANO","2024-04-13","","41.83291667"
"FACATATIVA - URBANO","2024-04-12","","40.745"
"FACATATIVA - URBANO","2024-04-11","","41.11708333"
"FACATATIVA - URBANO","2024-04-10","","37.4075"
"FACATATIVA - URBANO","2024-04-09","","31.16208333"
"FACATATIVA - URBANO","2024-04-08","","34.32541667"
"FACATATIVA - URBANO","2024-04-07","","28.735"
"FACATATIVA - URBANO","2024-04-06","","28.30125"
"FACATATIVA - URBANO","2024-04-05","","33.88916667"
"FACATATIVA - URBANO","2024-04-04","","38.48083333"
"FACATATIVA - URBANO","2024-04-03","","40.95958333"
"FACATATIVA - URBANO","2024-04-02","","40.29416667"
"FACATATIVA - URBANO","2024-04-01","","37.39291667"
"FACATATIVA - URBANO","2024-03-31","","32.64083333"
"FACATATIVA - URBANO","2024-03-30","","34.85958333"
"FACATATIVA - URBANO","2024-03-29","","25.44708333"
"FACATATIVA - URBANO","2024-03-28","","26.62541667"
"FACATATIVA - URBANO","2024-03-27","","34.36958333"
"FACATATIVA - URBANO","2024-03-26","","30.07291667"
"FACATATIVA - URBANO","2024-03-25","","27.60416667"
"FACATATIVA - URBANO","2024-03-24","","30.82333333"
"FACATATIVA - URBANO","2024-03-23","","38.93166667"
"FACATATIVA - URBANO","2024-03-22","","38.18375"
"FACATATIVA - URBANO","2024-03-21","","31.83041667"
"FACATATIVA - URBANO","2024-03-20","","35.16791667"
"FACATATIVA - URBANO","2024-03-19","","36.82791667"
"FACATATIVA - URBANO","2024-03-18","","36.2025"
"FACATATIVA - URBANO","2024-03-17","","31.78041667"
"FACATATIVA - URBANO","2024-03-16","","36.84583333"
"FACATATIVA - URBANO","2024-03-15","","33.99208333"
"FACATATIVA - URBANO","2024-03-14","","36.92708333"
"FACATATIVA - URBANO","2024-03-13","","35.37708333"
"FACATATIVA - URBANO","2024-03-12","","33.36208333"
"FACATATIVA - URBANO","2024-03-11","","35.63583333"
"FACATATIVA - URBANO","2024-03-10","","31.19333333"
"FACATATIVA - URBANO","2024-03-09","","39.78666667"
"FACATATIVA - URBANO","2024-03-08","","38.54208333"
"FACATATIVA - URBANO","2024-03-07","","39.78416667"
"FACATATIVA - URBANO","2024-03-06","","38.44125"
"FACATATIVA - URBANO","2024-03-05","","37.83875"
"FACATATIVA - URBANO","2024-03-04","","31.93291667"
"FACATATIVA - URBANO","2024-03-03","","26.42041667"
"FACATATIVA - URBANO","2024-03-02","","32.60958333"
"FACATATIVA - URBANO","2024-03-01","","30.92916667"
"FACATATIVA - URBANO","2024-02-29","","36.71208333"
"FACATATIVA - URBANO","2024-02-28","","37.25375"
"FACATATIVA - URBANO","2024-02-27","","34.13826087"
"FACATATIVA - URBANO","2024-02-26","","32.58166667"
"FACATATIVA - URBANO","2024-02-25","","25.29458333"
"FACATATIVA - URBANO","2024-02-24","","27.57083333"
"FACATATIVA - URBANO","2024-02-23","","29.04583333"
"FACATATIVA - URBANO","2024-02-22","","23.33541667"
"FACATATIVA - URBANO","2024-02-21","","26.36625"
"FACATATIVA - URBANO","2024-02-20","","26.6475"
"FACATATIVA - URBANO","2024-02-19","","27.6375"
"FACATATIVA - URBANO","2024-02-18","","27.2675"
"FACATATIVA - URBANO","2024-02-17","","30.92916667"
"FACATATIVA - URBANO","2024-02-16","","32.80833333"
"FACATATIVA - URBANO","2024-02-15","","30.64083333"
"FACATATIVA - URBANO","2024-02-14","","34.63208333"
"FACATATIVA - URBANO","2024-02-13","","37.30625"
"FACATATIVA - URBANO","2024-02-12","","33.41291667"
"FACATATIVA - URBANO","2024-02-11","","28.285"
"FACATATIVA - URBANO","2024-02-10","","29.36291667"
"FACATATIVA - URBANO","2024-02-09","","34.50958333"
"FACATATIVA - URBANO","2024-02-08","","34.75458333"
"FACATATIVA - URBANO","2024-02-07","","31.31041667"
"FACATATIVA - URBANO","2024-02-06","","30.54083333"
"FACATATIVA - URBANO","2024-02-05","","33.52625"
"FACATATIVA - URBANO","2024-02-04","","32.40125"
"FACATATIVA - URBANO","2024-02-03","","29.39416667"
"FACATATIVA - URBANO","2024-02-02","","36.6075"
"FACATATIVA - URBANO","2024-02-01","","34.60333333"
"FACATATIVA - URBANO","2024-01-31","","37.4"
"FACATATIVA - URBANO","2024-01-30","","35.7675"
"FACATATIVA - URBANO","2024-01-29","","37.2625"
"FACATATIVA - URBANO","2024-01-28","","32.72166667"
"FACATATIVA - URBANO","2024-01-27","","36.49416667"
"FACATATIVA - URBANO","2024-01-26","","42.56416667"
"FACATATIVA - URBANO","2024-01-25","","40.77708333"
"FACATATIVA - URBANO","2024-01-24","","39.35666667"
"FACATATIVA - URBANO","2024-01-23","","39.8325"
"FACATATIVA - URBANO","2024-01-22","","31.81833333"
"FACATATIVA - URBANO","2024-01-21","","28.86791667"
"FACATATIVA - URBANO","2024-01-20","","32.65125"
"FACATATIVA - URBANO","2024-01-19","","35.93666667"
"FACATATIVA - URBANO","2024-01-18","","32.58833333"
"FACATATIVA - URBANO","2024-01-17","","35.25208333"
"FACATATIVA - URBANO","2024-01-16","","33.0525"
"FACATATIVA - URBANO","2024-01-15","","33.16083333"
"FACATATIVA - URBANO","2024-01-14","","30.38541667"
"FACATATIVA - URBANO","2024-01-13","","31.20375"
"FACATATIVA - URBANO","2024-01-12","","35.275"
"FACATATIVA - URBANO","2024-01-11","","32.92"
"FACATATIVA - URBANO","2024-01-10","","32.24041667"
"FACATATIVA - URBANO","2024-01-09","","31.99166667"
"FACATATIVA - URBANO","2024-01-08","","25.24708333"
"FACATATIVA - URBANO","2024-01-07","","24.94916667"
"FACATATIVA - URBANO","2024-01-06","","31.56666667"
"FACATATIVA - URBANO","2024-01-05","","30.22791667"
"FACATATIVA - URBANO","2024-01-04","","28.33416667"
"FACATATIVA - URBANO","2024-01-03","","27.57333333"
"FACATATIVA - URBANO","2024-01-02","","23.05958333"
"FACATATIVA - URBANO","2024-01-01","","18.83"
"FACATATIVA - URBANO","2023-12-31","","17.68208333"
"FACATATIVA - URBANO","2023-12-30","","26.14375"
"FACATATIVA - URBANO","2023-12-29","","33.57458333"
"FACATATIVA - URBANO","2023-12-28","","33.745"
"FACATATIVA - URBANO","2023-12-27","","26.87583333"
"FACATATIVA - URBANO","2023-12-26","","28.30458333"
"FACATATIVA - URBANO","2023-12-25","","26.71125"
"FACATATIVA - URBANO","2023-12-24","","28.47625"
"FACATATIVA - URBANO","2023-12-23","","32.23125"
"FACATATIVA - URBANO","2023-12-22","","35.47458333"
"FACATATIVA - URBANO","2023-12-21","","32.06708333"
"FACATATIVA - URBANO","2023-12-20","","30.50625"
"FACATATIVA - URBANO","2023-12-19","","25.85583333"
"FACATATIVA - URBANO","2023-12-18","","30.50791667"
"FACATATIVA - URBANO","2023-12-17","","27.97625"
"FACATATIVA - URBANO","2023-12-16","","28.105"
"FACATATIVA - URBANO","2023-12-15","","34.56916667"
"FACATATIVA - URBANO","2023-12-14","","35.39458333"
"FACATATIVA - URBANO","2023-12-13","","33.9725"
"FACATATIVA - URBANO","2023-12-12","","31.14541667"
"FACATATIVA - URBANO","2023-12-11","","29.555"
"FACATATIVA - URBANO","2023-12-10","","30.97571429"
"FACATATIVA - URBANO","2023-12-09","","33.77625"
"FACATATIVA - URBANO","2023-12-08","","29.91769231"
"FACATATIVA - URBANO","2023-12-07","","41.235625"
"FACATATIVA - URBANO","2023-12-06","","28.73230769"
"FACATATIVA - URBANO","2023-12-05","","37.10230769"
"FACATATIVA - URBANO","2023-12-04","","37.86"
"FACATATIVA - URBANO","2023-12-03","","36.30333333"
"FACATATIVA - URBANO","2023-12-02","","36.595"
"FACATATIVA - URBANO","2023-12-01","","36.42666667"
"FACATATIVA - URBANO","2023-11-30","","37.86933333"
"FACATATIVA - URBANO","2023-11-29","","31.95538462"
"FACATATIVA - URBANO","2023-11-28","","33.37285714"
"FACATATIVA - URBANO","2023-11-27","","30.54086957"
"FACATATIVA - URBANO","2023-11-26","","26.27333333"
"FACATATIVA - URBANO","2023-11-25","","29.53764706"
"FACATATIVA - URBANO","2023-11-24","","34.28916667"
"FACATATIVA - URBANO","2023-11-23","","34.21666667"
"FACATATIVA - URBANO","2023-11-22","","30.22695652"
"FACATATIVA - URBANO","2023-11-21","","28.78333333"
"FACATATIVA - URBANO","2023-11-20","","24.32833333"
"FACATATIVA - URBANO","2023-11-19","","25.52125"
"FACATATIVA - URBANO","2023-11-18","","37.02541667"
"FACATATIVA - URBANO","2023-11-17","","38.77666667"
"FACATATIVA - URBANO","2023-11-16","","33.83875"
"FACATATIVA - URBANO","2023-11-15","","34.6475"
"FACATATIVA - URBANO","2023-11-14","","36.42916667"
"FACATATIVA - URBANO","2023-11-13","","31.445"
"FACATATIVA - URBANO","2023-11-12","","31.49958333"
"FACATATIVA - URBANO","2023-11-11","","31.80833333"
"FACATATIVA - URBANO","2023-11-10","","35.71416667"
"FACATATIVA - URBANO","2023-11-09","","34.16166667"
